Id,sale price using linear regression,sale price using Gradient Boosted Decision Tree,sale price using Decision Tree
1461,106321.44153822726,120657.38889109968,108777.77777777778
1462,170819.77595750452,154886.20265581115,89500.0
1463,162790.73984058714,184367.53566809054,128500.0
1464,195042.92182164686,184971.83535391113,172400.0
1465,191950.17649963638,190665.68783106026,199750.0
1466,165046.90272085555,163096.68231809672,165600.0
1467,187890.18554441398,173088.22101847065,190000.0
1468,163462.742130036,161440.51458861883,173000.0
1469,195685.71875063377,179070.7338734446,139400.0
1470,112465.06606038101,129488.7586446262,136250.0
1471,214574.19411373837,193578.04879148855,207000.0
1472,101014.06735234102,92101.01868401181,85400.0
1473,82502.84985529841,102547.88932221393,112000.0
1474,146284.5034537888,148276.52815191605,155000.0
1475,92773.839296347,147258.51516893817,135000.0
1476,355012.98776649847,440947.36314537615,451950.0
1477,248812.95018910104,254990.23573968594,250882.0
1478,304351.8674030721,302870.83472825633,325000.0
1479,293643.0562115563,201953.83436189513,318000.0
1480,427423.13552730554,394638.0347182312,412500.0
1481,290932.646670328,391922.5349697044,440000.0
1482,220501.74719129573,203288.2383065229,199750.0
1483,186704.09942423948,185513.57849110314,196000.0
1484,179896.4995792117,177804.824175391,163700.0
1485,216125.8945068624,172827.87696246317,188500.0
1486,220072.21509216726,196741.72268389183,222250.0
1487,293811.7343972102,347306.3237350506,318000.0
1488,244424.27996629174,274848.05867290386,147000.0
1489,192525.7596511573,205137.30066775143,250580.0
1490,245275.72570581362,183184.9613156741,216500.0
1491,220760.02976962063,186654.59409071424,189135.0
1492,95279.94762012316,93320.7266999881,119750.0
1493,209597.99848718243,155413.0958009759,157500.0
1494,284190.43231675914,310435.66683392343,402000.0
1495,263514.1760068163,277119.7395558513,305900.0
1496,246024.89087388292,249396.65681611246,260000.0
1497,173899.93317367393,193112.36629570177,175500.0
1498,181862.09602574585,151427.27770181332,149900.0
1499,184718.0374988285,153576.42098275118,157500.0
1500,175333.67185658962,158715.83651849875,157500.0
1501,198454.86737387418,176112.997531832,177000.0
1502,151129.53606330836,175843.60465342258,175500.0
1503,283199.6449382957,285584.04587079614,306000.0
1504,245043.02352313814,238482.26834116632,220000.0
1505,232899.24450006848,208338.5645198278,214000.0
1506,190967.71874138247,182117.4591873278,180000.0
1507,238061.43119639484,206165.98633887686,215000.0
1508,199954.9662910998,191042.6991101226,191400.0
1509,147749.69705276773,151985.9358096671,127000.0
1510,131730.8982273324,151478.59446162856,110000.0
1511,148557.304563161,151517.41684796082,129900.0
1512,182628.27881783154,161057.38677577843,147000.0
1513,153632.15778848063,150915.0581112904,174000.0
1514,129116.05397561146,145680.55242262525,152000.0
1515,195494.28556265868,188635.47242889737,93000.0
1516,160287.7040472487,166635.9539807021,158950.0
1517,169551.2309107047,166249.33930117323,89500.0
1518,115939.99397717626,117638.41958806523,115000.0
1519,237919.40788105782,231659.57707959134,235000.0
1520,123179.11046232982,126783.84487860123,113000.0
1521,108956.00644111703,148987.95515721285,113000.0
1522,189081.04294365807,150586.42712778557,89500.0
1523,85889.64642502018,110145.99453891288,100000.0
1524,132567.02826445783,123470.25304107652,113000.0
1525,87885.21125902492,115808.27119600914,113000.0
1526,77568.07861440675,127343.62197377422,152000.0
1527,84826.30261560832,98768.41842466801,109900.0
1528,148254.328359358,121049.67517604896,148000.0
1529,138734.12982931826,143240.65873656972,125000.0
1530,198250.3512551114,159402.66762364982,89500.0
1531,133744.4221307058,110587.89755936908,108500.0
1532,104836.03421902983,97150.2013728111,87000.0
1533,167334.40680646664,145393.99420926985,147000.0
1534,158139.23799433373,122992.451056534,131000.0
1535,163942.1294177964,156330.53876589832,152000.0
1536,108902.6245225058,112662.71920041124,113000.0
1537,45005.025964656146,85552.2676474257,82000.0
1538,174551.11115443497,164661.16862429766,134900.0
1539,217967.48572221678,265964.0960461057,134900.0
1540,99228.7454026977,117959.83666363658,78000.0
1541,120936.65858852398,153720.39424544456,127000.0
1542,139439.5332678263,212253.8619364649,127000.0
1543,192247.55692228395,173374.06858226142,144000.0
1544,106071.25507335924,58743.59292835843,68500.0
1545,102056.30642460077,99458.45423268311,148000.0
1546,139434.7560986532,127621.8760157892,127000.0
1547,156214.970602063,144331.8627677513,107500.0
1548,129494.04218269186,130325.49343059014,141000.0
1549,106963.46903706901,108492.88543539186,128500.0
1550,135701.91595661757,144272.89091116638,110000.0
1551,130990.33550672466,119536.09167765603,148000.0
1552,142998.98499751324,138613.87305005142,108000.0
1553,161566.271360297,151205.06408112688,234000.0
1554,115470.12007509964,118346.16497515961,116000.0
1555,153465.6705600547,216285.2727035576,152000.0
1556,89105.59200053546,100632.79771405084,78000.0
1557,113803.3000318103,97553.9889320953,52000.0
1558,106745.76862733043,89500.55055224679,89500.0
1559,62940.15728571033,143210.654920707,118000.0
1560,140713.62377576204,166111.00279860967,137000.0
1561,143837.2949513127,174097.18607483222,55000.0
1562,137187.03501174226,132622.63631672665,85000.0
1563,111305.13597995322,113154.06785037271,113000.0
1564,149695.27789628552,163490.5372965954,129900.0
1565,121085.6879182139,144613.43883271827,125000.0
1566,232679.27548057726,205166.01668587208,215000.0
1567,72557.75351163046,69442.76041635753,60000.0
1568,237496.07592180464,201739.22907478947,215000.0
1569,135562.1749780397,141046.75865916297,137500.0
1570,138506.74001064105,136503.50292556416,148000.0
1571,103841.75664633908,140050.69559066393,100000.0
1572,137402.4091942839,152934.34513386083,112000.0
1573,251308.56254510395,227870.865389102,221000.0
1574,114691.2372246855,94654.1974621044,115000.0
1575,241063.81214295607,197055.07857904656,210000.0
1576,261199.83048935467,207711.66369950905,228000.0
1577,202312.25071507692,208518.0893265428,250580.0
1578,135430.99089612765,152389.03674631414,156932.0
1579,119037.32905729348,147818.3390417383,130000.0
1580,183415.93713774835,189299.37627119652,199466.66666666666
1581,161164.50263400376,146460.53541096632,136500.0
1582,123664.49253774784,132497.51868699797,130000.0
1583,296015.52582720993,337682.766534847,255000.0
1584,231007.25624235976,241364.17432893463,225333.33333333334
1585,155364.37453657715,138967.16600115006,140000.0
1586,38646.551504689734,64440.72343217848,72500.0
1587,93537.61590757174,102817.90673137408,92000.0
1588,151423.90363199287,160636.68230768727,113000.0
1589,112367.54052300006,111013.97285758235,82000.0
1590,133912.66177702975,135406.0197501841,148000.0
1591,62334.622405126924,108097.32331000728,110950.0
1592,144752.4504407295,136361.56979307387,119000.0
1593,132438.7983919154,109108.69839074618,105900.0
1594,109894.55604156386,150376.8544857929,135000.0
1595,97565.56651219586,108484.58509866106,78000.0
1596,204344.9959844153,217687.4841837536,271000.0
1597,157417.45685862005,155625.46550709906,115000.0
1598,194461.87293646508,179814.72150564654,179400.0
1599,188835.7467483892,281943.3748705867,168000.0
1600,184590.39796852856,184578.4864490263,187500.0
1601,41350.649779841304,100010.78062204567,100000.0
1602,112396.04793074937,127347.71137362639,116000.0
1603,101314.71681881929,101473.63308084081,107400.0
1604,270064.7015224977,287479.4664344161,275000.0
1605,247080.5359879895,234261.05948595933,319000.0
1606,181864.34244322125,164608.16495756528,160000.0
1607,160708.09879503842,162720.7817369909,171000.0
1608,234483.08612031164,219912.40730367112,235000.0
1609,201374.648073514,206340.96604657616,250580.0
1610,151598.18199943705,169319.71161785757,145000.0
1611,120519.85297700926,149987.90867255875,115000.0
1612,180566.67337895068,139681.88132274937,115000.0
1613,163929.2537137631,159364.4129788536,115000.0
1614,131477.8891339316,107101.67427204133,110500.0
1615,73929.94213501667,91681.9375356486,82500.0
1616,45690.74214261025,82090.5200018188,100000.0
1617,63032.30341401044,83420.9199233275,100000.0
1618,107641.35162980296,128050.232765354,112000.0
1619,160114.44249078794,133611.4671689575,147000.0
1620,156505.91571110906,155616.84618129046,115000.0
1621,129641.03927810444,149555.22225231532,130000.0
1622,161934.11661442043,156339.42447181576,113000.0
1623,270202.68017300125,307195.73819257214,233500.0
1624,229652.26070986874,189423.35078526463,216500.0
1625,102181.87313159276,120586.99182121907,89500.0
1626,178747.1724492798,171159.54813344582,157500.0
1627,176845.40452949703,190077.2674379765,190000.0
1628,284806.79274395714,275132.9690580113,290000.0
1629,171701.9909859423,169354.8030004741,188000.0
1630,316508.95530854,352581.45004826813,275000.0
1631,208139.508209856,225244.48488219897,168500.0
1632,224561.89244198077,260204.3168625708,275000.0
1633,189443.30150187737,164319.3162888618,158678.33333333334
1634,188656.15051541524,186183.86356646637,173500.0
1635,187925.04016412748,181722.41264370838,179400.0
1636,158261.66816557106,148499.03013161125,162000.0
1637,181662.28396421717,166779.32627038573,115000.0
1638,195550.6228493487,180538.83667240234,191400.0
1639,175033.1350707265,161221.09401434005,175000.0
1640,257512.69448186154,211669.45622510248,240000.0
1641,176677.9035974855,193450.39388425514,188875.0
1642,260376.25696806842,223623.5984271893,211700.0
1643,222850.1668161736,227655.67773373795,227000.0
1644,242156.97469142405,225377.07609066684,212000.0
1645,240920.3934933464,177804.03862989534,125000.0
1646,159023.65382290538,153644.64205891307,157500.0
1647,148098.65217225393,166937.38640038806,82500.0
1648,126246.12333791633,136052.53890479347,115000.0
1649,131910.98925285367,142655.71120998185,112000.0
1650,98662.37271171715,121660.24796335018,123600.0
1651,110654.71452035103,126884.77975332442,141000.0
1652,101740.45781815914,99452.45862173782,100000.0
1653,101757.31765647675,88307.98607842489,100000.0
1654,137502.01630674629,137837.87885955116,146000.0
1655,142193.9364680755,153231.76972111713,127500.0
1656,127395.66842501285,136941.62830277372,146000.0
1657,139888.190704928,139898.48116376335,146000.0
1658,145227.18117727642,139568.69667965724,179200.0
1659,102685.25781233283,147148.96198496298,135000.0
1660,148982.42394477734,141863.42872934524,145000.0
1661,413457.1396783402,477199.7211853554,412500.0
1662,327441.7421775558,339024.8322237783,395192.0
1663,371167.337764353,486554.88094171416,310000.0
1664,431600.2070847256,588030.2039928081,412500.0
1665,325867.8048982802,315026.54429358826,325000.0
1666,294337.2565116044,341886.70638500527,372402.0
1667,347819.0101260394,357597.91255398997,383970.0
1668,356451.50188987795,319007.5700032549,395192.0
1669,309819.64352807263,309984.95925701107,326000.0
1670,349051.99930318026,321382.1567815375,350000.0
1671,270291.75060168887,243521.3472750848,260400.0
1672,378442.9572141459,454980.5602244461,386250.0
1673,291743.3343611616,300923.42193883617,281213.0
1674,261897.28744037775,257622.4284179278,250882.0
1675,213911.4395753194,194856.1569318442,194700.0
1676,219630.30274292035,191509.87571329254,196000.0
1677,214462.79983905493,225569.8043301413,207500.0
1678,418275.00139883487,574926.0510408642,377426.0
1679,341520.4867267597,397188.2738136003,394617.0
1680,323678.7045778793,338506.99676892697,319900.0
1681,281588.73746229615,279617.2481563069,274000.0
1682,286419.86984130996,315253.0965484207,295493.0
1683,192162.81106343074,181350.1088846576,173000.0
1684,201877.0996949987,164771.76678707707,158678.33333333334
1685,207804.91298010293,161567.22202004745,174000.0
1686,185160.5358573962,161612.98825081473,158678.33333333334
1687,201503.72614623583,170465.29439947868,158678.33333333334
1688,217950.4399318481,185630.62625608724,163700.0
1689,224009.69611906912,186673.91018023514,163700.0
1690,225639.59798258008,184560.95088321852,188500.0
1691,209601.4722281883,169957.88500632052,188500.0
1692,273224.45153817395,237235.55685514328,383970.0
1693,199197.65675605484,170964.38527090522,167240.0
1694,179617.4648515992,187490.4859471146,179400.0
1695,160252.02211789973,166514.0727795082,156932.0
1696,270337.3661680324,259256.82911315718,284000.0
1697,162680.64252632041,176029.62179844914,156932.0
1698,302656.89236811455,333257.2818863598,319000.0
1699,326135.16233570175,317038.2551427094,402000.0
1700,249961.87397271534,225784.04725619027,236000.0
1701,266069.10919415136,240656.5990158053,302000.0
1702,257105.981145652,250296.7895696929,250882.0
1703,257143.63243673602,246645.9864623334,238295.6
1704,286498.4395714924,306370.53585574566,255000.0
1705,272335.2571871949,237647.40774643584,184100.0
1706,386673.0990196855,564227.5700831742,386250.0
1707,215667.860406721,229878.2752817871,227680.0
1708,217975.2238678392,223829.78736956057,250580.0
1709,272337.5028922013,301761.5595866098,326000.0
1710,238424.3686105851,234410.70334197205,184100.0
1711,278728.1250906815,234245.29041635536,369900.0
1712,266099.63907514466,202403.9217239483,230000.0
1713,282135.7615637174,234832.60764997927,259000.0
1714,235280.22897506948,218376.9984748548,226500.0
1715,216400.45608429145,202831.4237086132,204332.5
1716,195282.76922174054,158011.57743868508,142500.0
1717,198449.83235136978,146479.03668586904,171900.0
1718,143192.52259454504,142104.7930136044,141000.0
1719,223061.47570799058,200039.75584002904,222250.0
1720,263377.5110469025,247281.38348545748,232000.0
1721,192565.36177625228,149614.60160226037,142500.0
1722,135460.56785338093,133999.93406085638,152000.0
1723,171711.10319175152,154214.9808043713,147000.0
1724,225297.82896807976,215088.2938599475,147000.0
1725,242590.11114094872,235621.61277947464,236000.0
1726,198049.24938054662,152769.25705725825,175900.0
1727,158956.15159836411,161183.47449137346,153900.0
1728,205038.8843684136,194283.67301742118,189135.0
1729,154874.27739970596,153740.1163209139,171000.0
1730,144698.87692241697,155254.74172504686,381000.0
1731,129583.36564682005,121635.27471051643,130000.0
1732,120362.74751991127,132687.74233584938,130000.0
1733,97753.90354254376,130304.42857633778,113000.0
1734,109096.17009081878,135517.3005835632,113000.0
1735,150488.26103910082,132938.86401020607,145500.0
1736,102247.85716670053,115301.35008816273,113000.0
1737,279671.9618323089,360625.14403877937,538000.0
1738,244578.3370644136,204818.1130498231,155000.0
1739,257614.48600483732,300952.54193066026,281213.0
1740,220044.92171105184,171360.26129741405,204000.0
1741,203014.55851074448,188940.49033413094,204000.0
1742,183210.3400321172,167429.2570846454,168500.0
1743,194996.21689360216,184038.45226358643,183900.0
1744,334577.2382809697,343124.6867964554,392500.0
1745,227591.70165586006,259566.17456716995,240000.0
1746,192302.47224061028,216174.0659311031,302000.0
1747,221786.15022593318,193603.54242062106,129900.0
1748,219757.27474468295,177139.3447679613,169000.0
1749,164315.77287343843,161536.72456056604,110000.0
1750,121946.02040451393,165882.9257322556,89500.0
1751,255056.32744140318,193529.38248642365,144000.0
1752,110032.38096416369,122936.5418265689,113000.0
1753,146887.377814719,141120.3537209891,115000.0
1754,189721.7921233913,188110.63995988687,191400.0
1755,179983.14921503188,169198.46786327963,165000.0
1756,122875.50302682561,125686.4195155437,123600.0
1757,104279.09039743198,120066.02115906443,113000.0
1758,148814.33746458683,147482.84387587497,148000.0
1759,152073.70419645472,171099.64710200002,125000.0
1760,173342.0579744808,153133.9657355679,147000.0
1761,143212.67461393285,143879.1056691406,129900.0
1762,170366.94381073536,163819.90935263905,125000.0
1763,187124.8398263827,171132.8729309638,149700.0
1764,99468.80532341427,116588.83852281747,113000.0
1765,182536.9085306162,160040.80532563638,174000.0
1766,182211.49229636276,180533.36940624486,157500.0
1767,234914.52593485918,205565.41909033738,157500.0
1768,142961.81359369634,139812.21684045336,147000.0
1769,169207.42147905077,157611.92495564662,135000.0
1770,181420.51123511558,133712.6105169316,136500.0
1771,102615.8168225782,134171.93685433833,112500.0
1772,144537.56939465343,138104.56468796806,112500.0
1773,111606.5607930324,139991.8210884585,141000.0
1774,143018.87538382388,119935.78491233243,115000.0
1775,137134.240820484,128655.1236785909,79900.0
1776,132827.75395778683,117744.8341012694,124900.0
1777,115427.38289121329,113252.78029886444,109500.0
1778,157746.49283391284,125487.62926842029,130500.0
1779,129658.177802986,111735.03390129324,79000.0
1780,178968.12612647284,182374.4836237185,132000.0
1781,118746.70122073311,126460.38412831124,115000.0
1782,63848.03715808247,87832.76174490467,113000.0
1783,155751.99885194446,124193.34545783894,115000.0
1784,108736.61081707967,107370.3149472364,107400.0
1785,128458.21060699737,112109.43879296152,78000.0
1786,156416.2201783168,116006.80422792802,105000.0
1787,181256.8639429789,162560.14500939558,134900.0
1788,84669.3538604097,45480.38416884058,52000.0
1789,108006.01383951795,107772.47760329857,98000.0
1790,41368.05034581944,96747.7565444961,100000.0
1791,200525.87987462152,154672.764774973,342643.0
1792,149676.08869784744,157184.1049549766,89500.0
1793,134612.38150427886,128048.5526410184,145500.0
1794,185311.44726100564,142541.20672728153,120500.0
1795,125707.79596000724,138490.02990502474,89500.0
1796,133714.08015831048,121840.38474269667,89500.0
1797,131590.9739492475,122960.18604380275,131000.0
1798,104990.7345864072,124732.85381644184,112500.0
1799,92697.15525249462,111564.02165668008,109500.0
1800,125628.96331725828,123231.20407810988,79000.0
1801,113860.10975706973,137752.24907595784,135000.0
1802,139113.15417761914,145918.55625335933,131000.0
1803,149565.04463381763,141331.9431213986,88000.0
1804,136569.52549997205,141796.52002054517,147000.0
1805,138179.65139848785,141388.6116694237,148000.0
1806,147501.90525830304,118886.3967260608,131000.0
1807,167323.5659401999,151768.68485010156,239000.0
1808,132299.59553607926,129523.50568430588,147000.0
1809,118724.03346473118,136342.09086686347,52000.0
1810,146678.07539937366,135229.7287035871,119900.0
1811,138116.6277481846,123416.28974796586,52000.0
1812,102384.81951418496,105838.6645132268,78000.0
1813,119023.9229637084,120387.41039423572,66500.0
1814,95730.16211692104,96305.15348798558,109900.0
1815,32883.64927817462,43967.03296117326,60000.0
1816,116982.80723355082,97113.16683005389,109500.0
1817,134751.0177565529,104023.29101879812,107400.0
1818,177622.10782044567,129341.67546343697,140000.0
1819,139647.7987970668,107391.6418712866,148000.0
1820,45946.332318520406,79577.26004685392,110950.0
1821,150559.49284040788,115249.99800090145,134900.0
1822,169896.67769517167,152812.50683441022,116000.0
1823,33708.2267979586,47734.82019225744,34900.0
1824,155328.72269823006,124254.77445952702,118400.0
1825,131069.46391482628,141560.65227828498,112000.0
1826,100300.98789014248,97049.88607883854,79000.0
1827,78991.14448860264,93276.98915468533,127000.0
1828,132487.60109338118,136289.71898858863,115000.0
1829,148209.51079826243,114238.47252302874,115000.0
1830,161979.0105320015,139991.74496425065,122000.0
1831,133830.86586976307,160600.9541359752,199466.66666666666
1832,55550.931076216046,117606.53066231885,115000.0
1833,145493.51498686266,142815.6969867875,180000.0
1834,131970.33753342112,146947.65365496973,116000.0
1835,114611.17211122136,131855.03714991277,342643.0
1836,121275.1069040175,133236.56417663823,127500.0
1837,71008.78806967498,103018.53635224546,100000.0
1838,111969.41751060123,134098.27918747044,148000.0
1839,127793.04435237544,84420.15644361942,86000.0
1840,131608.314383531,175862.0786328456,117000.0
1841,117527.09955282882,150046.13932541356,147000.0
1842,97054.68250751495,86576.9710786149,78000.0
1843,108027.47870729608,145600.2862928932,152000.0
1844,140782.25921637937,146276.93207609444,89500.0
1845,124776.0913386282,136523.21486657974,152000.0
1846,149416.97843454313,155624.66232018484,131000.0
1847,160020.99657199462,153725.39267022253,152000.0
1848,33023.69435868203,45055.79693281562,52500.0
1849,107466.84809052735,113952.35010386255,105000.0
1850,108890.54914746666,127176.3593433138,113000.0
1851,152658.55753099103,146945.4413745735,127000.0
1852,126623.45567120984,125795.55392004296,87000.0
1853,141703.54664924112,130722.8082675987,136500.0
1854,189822.5025772322,187253.7974728814,188500.0
1855,162153.82085096347,145510.99105420834,130500.0
1856,233806.3813644508,209563.54034072705,191500.0
1857,116409.96195455664,152915.33526193662,187000.0
1858,126245.30137533182,136940.459610144,125000.0
1859,100137.10368691944,119456.1786742904,125000.0
1860,154739.31186226383,156469.9122182526,147000.0
1861,97978.75801354903,119212.02538459559,125000.0
1862,272386.2931888234,203546.86573415867,381000.0
1863,271516.66037319484,203069.13752921112,381000.0
1864,271533.85813506413,203069.13752921112,381000.0
1865,360532.6865427545,253955.46014618714,395192.0
1866,356579.4683917961,255674.04951216865,326000.0
1867,244341.19613783807,261176.59352745846,270000.0
1868,301169.3256151681,305223.47083121864,233500.0
1869,232579.34975681966,200117.8530950868,199900.0
1870,239155.91734368727,263621.5583488492,319000.0
1871,265427.804462431,242496.74681312492,276000.0
1872,200662.55148898368,160950.78582280394,174000.0
1873,232819.88587367418,202553.92097395397,211500.0
1874,129806.44033020735,140339.53635565413,112000.0
1875,184546.44048308977,205536.738759595,179400.0
1876,179318.00342913717,197126.53204141077,186500.0
1877,220851.30037324573,204980.82370420996,199900.0
1878,212844.96626980975,212555.49603806026,203966.66666666666
1879,112166.2256782914,131063.7955552311,152000.0
1880,122133.02043711348,139261.07831679925,130000.0
1881,253735.56357712578,229806.13177990113,259000.0
1882,258217.84323847713,266966.94729222794,274000.0
1883,193883.70680895355,194090.92781809595,192211.11111111112
1884,210339.11307218624,211575.8366161838,192211.11111111112
1885,242060.47006828059,251920.57076696522,275000.0
1886,283743.1238457458,302255.7428468889,301500.0
1887,234881.03502829839,196274.83549066837,210000.0
1888,280308.92962066084,277179.4129331625,263280.5
1889,185167.67513600318,164066.08382435833,147500.0
1890,87089.4991773637,137226.46263148042,134432.0
1891,134138.55392501154,143800.5608557329,148000.0
1892,82143.5487127523,113190.81265776622,109900.0
1893,115838.25756166363,141335.57400358337,152000.0
1894,105013.3463392756,127056.73324288357,115000.0
1895,109992.34551068256,142850.99181010338,152000.0
1896,118801.54913971433,125048.76612447246,66500.0
1897,99984.0197278813,105752.6091010343,116000.0
1898,120109.63045254117,109560.04998544339,127000.0
1899,174763.9867132327,118753.91402800138,134900.0
1900,140403.55616205395,143124.85519124763,135000.0
1901,135746.39543838706,175406.17687138947,124900.0
1902,112264.32584851538,122227.63919042524,152000.0
1903,193337.2281690957,188322.97235663206,129900.0
1904,119323.10607592575,139615.1890912079,112500.0
1905,192985.03022262175,175752.33528827265,157500.0
1906,132121.2463959786,152783.25774850353,152000.0
1907,201254.74054052308,177814.80392050938,89500.0
1908,106923.74563167174,116638.53658402833,131000.0
1909,149738.18830954167,138449.5074394145,148000.0
1910,119644.7974809676,118898.90164318564,124000.0
1911,189662.03662090655,189136.6741931237,160000.0
1912,282685.22875926504,272824.0338392834,225000.0
1913,177176.20790486992,142160.34420220967,90000.0
1914,56952.19386552367,64229.67905639999,68500.0
1915,309772.4143878748,349809.45648424514,392500.0
1916,29204.17769858823,75620.44139462536,107400.0
1917,257686.49684011168,239123.58769011303,232000.0
1918,132065.56331350422,143310.7252463528,110000.0
1919,183114.40260717412,156259.23114973027,149700.0
1920,151608.29994467553,148664.49462347868,115000.0
1921,369291.4893284361,558920.1160280028,378500.0
1922,331609.0998763363,351431.0531119848,378500.0
1923,237108.9785167873,206446.55654713587,188875.0
1924,216020.45277765533,252214.09418490622,175500.0
1925,221797.5532435933,225164.1548239852,225333.33333333334
1926,374064.7840770427,362690.72962422157,377426.0
1927,135596.19693411095,150034.25454750756,152000.0
1928,159255.72279004753,148170.30178819541,110000.0
1929,122290.63210857194,129381.00529473787,127000.0
1930,133643.97616835497,127567.62179664828,131000.0
1931,156931.95673377952,142231.3847751285,130000.0
1932,142966.78632169426,142622.65866338176,130000.0
1933,178849.45508695277,193764.8094250547,277000.0
1934,165067.93016748363,186174.59831135496,173000.0
1935,167363.93802641518,168921.14943186188,188000.0
1936,183723.7252634787,190102.44144360334,193000.0
1937,173066.06168037793,164171.7624204914,186000.0
1938,197478.3053763609,159632.96495835957,194700.0
1939,228697.86563629843,259822.0939086528,324000.0
1940,190414.5096771256,191096.52691771803,170000.0
1941,162235.6075483542,162252.1624008712,173000.0
1942,199377.01028735237,190808.29270925868,200000.0
1943,205203.9724234296,187710.68681931056,187500.0
1944,316137.5139392065,314424.33017371106,325300.0
1945,363874.3608428193,371289.8946727834,377426.0
1946,129646.26909675682,169846.4015048263,89500.0
1947,278226.1961697184,349594.75473889644,277500.0
1948,170267.9078976051,165769.47222865245,280000.0
1949,271597.0393001798,262216.44859566336,260400.0
1950,198673.8526271209,186181.92582085193,199900.0
1951,285022.4221054148,249829.98587377547,311500.0
1952,236810.21991876024,260661.95846273922,260400.0
1953,203139.28449011222,166710.42883705796,162000.0
1954,168281.75056229346,186099.19701741083,240000.0
1955,118769.8279717667,132184.27419021772,110000.0
1956,327092.9616078036,261438.976523767,290000.0
1957,148503.59430329362,132296.89597345906,185750.0
1958,305951.98310111486,307073.9993466546,315750.0
1959,131826.88891988527,143457.9278506974,162900.0
1960,93036.30715812836,119339.69283951324,115525.0
1961,124082.3817058818,113188.5131786576,130000.0
1962,96876.45237428043,88844.02264698525,100000.0
1963,109751.74815837294,109991.34666467563,118000.0
1964,96386.24200013047,115575.93553886982,119500.0
1965,134082.8493935042,138009.66157174468,148500.0
1966,129697.5793048148,154134.08755180705,140000.0
1967,287501.11971749365,275404.36146793846,318000.0
1968,379095.4497875925,399951.4226623887,423000.0
1969,364681.9300281578,336722.2460565772,326000.0
1970,342351.25109987287,399864.99557784165,380000.0
1971,426782.5131697194,398510.526360109,380000.0
1972,346420.3514032201,334747.2363476055,335000.0
1973,316947.6767814453,247758.98549388134,214000.0
1974,321893.79031044757,301170.9601466049,383970.0
1975,421228.6584120956,590890.1023438472,377426.0
1976,277214.9106974085,269324.6220867264,315000.0
1977,323907.9947503214,311678.7986202053,383970.0
1978,306999.45301612234,395552.05651648773,276000.0
1979,328256.1099175238,318113.2090234035,385000.0
1980,184394.03333920264,201046.57905368108,189135.0
1981,333796.71991293225,321621.7369837573,314813.0
1982,223311.75082639512,249790.4687229488,275000.0
1983,208903.8113481647,229280.48161818468,275000.0
1984,192893.0663266778,176333.33090167618,175500.0
1985,226464.5888225492,193355.02993654925,260000.0
1986,218599.3022617069,224604.91356680563,260000.0
1987,208252.22117552697,175880.1548016899,164990.0
1988,199512.15653647622,162013.16321882035,174000.0
1989,219410.674309958,176413.73926251495,222250.0
1990,236043.2408264242,217659.06248009528,214500.0
1991,228224.6073198018,227590.56881240616,207500.0
1992,230846.39820204838,195854.59152016783,192211.11111111112
1993,195367.69614599016,168427.807617449,163700.0
1994,231579.88676270004,255079.09486294267,225000.0
1995,175036.34710495826,184916.29981036886,173000.0
1996,278195.01382928574,210974.37308919642,302000.0
1997,304011.15935987514,391088.0412872362,313000.0
1998,281233.88332885876,360400.08281587897,315000.0
1999,269584.61716371425,256490.32990114912,271000.0
2000,299169.3914058204,305086.8882064696,265000.0
2001,304451.2429964142,246630.39684148744,235000.0
2002,254756.9421315177,248708.20488636912,306000.0
2003,275294.3948648509,252524.59358964482,270000.0
2004,301980.6869055447,258077.51432970748,305000.0
2005,241675.58787676902,231089.2081212201,184100.0
2006,226167.0867839083,228767.45344048672,229456.0
2007,267917.37433272693,246297.1860697964,238295.6
2008,244850.378483281,239047.69343363878,207500.0
2009,216711.85693645244,165508.28350769222,193000.0
2010,223753.33116536168,189369.6571294978,189135.0
2011,152162.0539904856,159144.00152314006,100000.0
2012,196723.99357478158,181787.78529935048,250580.0
2013,189342.88532470213,170379.32679151194,187000.0
2014,211633.4447698011,186051.39985408145,211000.0
2015,224028.9616773969,187912.38844832618,189135.0
2016,207293.7515040238,187909.73467793965,175900.0
2017,221280.45116637135,188153.95600058572,192211.11111111112
2018,105151.70766161825,132873.91494143681,113000.0
2019,137901.85879195994,136283.2342958783,112000.0
2020,85414.18104920466,124187.88758313835,93000.0
2021,76887.94928752817,107519.35902639688,113000.0
2022,182193.7827474305,183448.70769289523,160000.0
2023,151548.13810227532,145013.74503421452,129900.0
2024,291934.64000590495,207424.96064699328,204000.0
2025,336237.20889671845,375799.30026348843,307000.0
2026,190276.25708891917,184954.88834851858,173000.0
2027,175799.31220577657,154817.0343001043,149900.0
2028,162745.8736398355,147599.236106424,146000.0
2029,174023.4085357485,171699.81828211652,168000.0
2030,269331.604732051,271749.26131371607,286000.0
2031,234933.65842348267,273754.00637643196,261500.0
2032,257441.43912227312,275151.2234924072,251000.0
2033,261785.11670983,271677.1298314009,286000.0
2034,193305.64678567648,167218.83431142254,157500.0
2035,204120.33541684644,208070.41005537208,211000.0
2036,235903.29225620814,207466.12738685712,165000.0
2037,239773.89857053384,203988.19658279713,165000.0
2038,337477.13811473735,329713.93126687396,303477.0
2039,232626.2677121528,221599.15002346985,170000.0
2040,334472.8388374534,397679.5425878336,380000.0
2041,310476.54823606974,304292.6984533351,251000.0
2042,199791.79276840948,203820.53504113236,226700.0
2043,181183.90680763917,164776.37135009986,160000.0
2044,170293.4714206322,149807.95949182336,141000.0
2045,220695.453106164,230716.42796816217,175500.0
2046,124131.67379074101,142842.18425704358,153500.0
2047,128729.00289651775,153779.74020742666,125000.0
2048,152737.3747185436,133136.8348927263,93000.0
2049,127958.41293048393,137505.39946628583,162900.0
2050,169335.91374310525,139219.57409447673,144000.0
2051,112310.05460408097,106909.33103368206,92000.0
2052,107293.31443723198,131363.98413798117,162900.0
2053,154098.31254529255,141720.77606389477,152000.0
2054,79807.95388650126,79574.65890471156,100000.0
2055,182534.46859983495,154561.69425261638,174000.0
2056,159748.5393187264,136537.44947267583,85000.0
2057,103072.29334333958,122095.17123660955,113000.0
2058,222914.9393250472,186458.6212216394,187000.0
2059,127844.98736730497,116162.40441742899,113000.0
2060,192036.5213694158,144202.11624527076,110500.0
2061,170752.50944547215,164478.7915082466,89500.0
2062,105966.15581377386,138940.5507961352,113000.0
2063,121255.75836645183,113374.97634022772,152000.0
2064,117070.97965762415,138381.21927935857,110000.0
2065,134177.72536426922,136420.536682776,98000.0
2066,170061.6983875439,131427.2182495324,129900.0
2067,95846.2395187805,136325.91544798834,91300.0
2068,131423.22573141428,119734.41978862716,153500.0
2069,85524.40660238918,84894.31092249062,92900.0
2070,111070.30811911263,107585.24188334878,78000.0
2071,83384.9769237258,74743.95586267578,109500.0
2072,157247.01216660696,103726.38067252199,153500.0
2073,139960.46896416042,120520.90851291361,130000.0
2074,184461.47703365143,183806.08578175888,132000.0
2075,139078.1994067803,131869.18850167948,89500.0
2076,109548.60318162828,119228.6842240247,110000.0
2077,156622.8100397908,151673.3677479575,113000.0
2078,108094.87889638217,138699.49372201232,113000.0
2079,137377.14159892313,124688.73038990963,206300.0
2080,117358.06917502452,114430.23498718944,148000.0
2081,113808.09792978107,121422.16331541109,127500.0
2082,108562.0071231355,158234.06512759565,78000.0
2083,140458.7805993911,143806.57952452364,110000.0
2084,92982.7325123644,113274.1024662011,113000.0
2085,98385.22621116275,141132.70275131453,113000.0
2086,117478.83623677632,123632.49926501932,148000.0
2087,124576.32014663052,115910.14613443452,153500.0
2088,90408.85488874628,111360.54750273016,101000.0
2089,76070.1773134952,91681.68845213403,92000.0
2090,159279.795608568,140489.6907916669,189950.0
2091,82201.52011064836,134098.8465496115,105000.0
2092,129288.46660324931,145047.85119172992,68400.0
2093,192075.23358952696,135281.2762206722,100000.0
2094,135316.76051531918,140253.55431698865,119000.0
2095,142618.66723390948,147097.10408299524,119500.0
2096,92937.22619818011,87061.6639294496,78000.0
2097,97142.85004373523,103853.27836063155,117000.0
2098,141190.10310307518,145964.9592098226,110000.0
2099,26589.431901694275,56674.85795443874,35311.0
2100,17994.461580472067,128195.24215191192,134432.0
2101,123005.6199673363,126841.99081324042,90000.0
2102,141372.7271793196,141546.78758222645,132000.0
2103,83487.98785767308,97628.44183296143,110500.0
2104,140162.92069658963,133034.4542830815,162900.0
2105,150178.45280586765,142503.30612318587,52000.0
2106,48006.88877991983,117342.75901528151,107400.0
2107,195872.99273312092,208204.2188822844,199466.66666666666
2108,131158.6516157887,114061.98612563775,87000.0
2109,98726.61329236045,114406.92675837973,109900.0
2110,111947.62206176878,120135.22296185025,148000.0
2111,154165.64768672804,161741.98852961313,144000.0
2112,119414.50792915234,136451.46451202672,87000.0
2113,128641.37217858713,117186.97340372772,117000.0
2114,124500.4216970841,111754.1976847963,129500.0
2115,167681.85390257067,206187.1731053929,141000.0
2116,97145.89255197835,114217.4929876809,153500.0
2117,128479.46531921206,147912.92143465916,206300.0
2118,120370.1346133994,115928.50971346459,119500.0
2119,109200.70802527014,110428.50052643626,117000.0
2120,131521.38246897585,109939.98149701087,119000.0
2121,61172.40066766972,106547.70827933066,109008.0
2122,95431.00910964655,98165.19851946218,105000.0
2123,68652.69104453968,92280.23700555137,91300.0
2124,159033.83679618547,182608.98309570263,239000.0
2125,139071.30281652743,126146.39893699504,162900.0
2126,156274.9175967644,141167.18633824584,199466.66666666666
2127,157880.91988767218,149838.04753716983,139000.0
2128,148930.24721625727,129948.46824482875,134900.0
2129,108086.01051438856,97642.49849695044,120500.0
2130,118132.47315538884,136931.9267248744,141000.0
2131,141213.30110714328,145904.08018297114,239000.0
2132,110910.58183106035,120650.15874272869,153500.0
2133,114908.27138585155,110327.30923597682,102000.0
2134,121797.80269119819,114782.51587207749,156932.0
2135,96481.47520043887,107389.24516095125,110000.0
2136,58122.58924600459,98018.26966794355,52000.0
2137,108072.73307328392,129342.2535824423,93000.0
2138,158459.37484413013,135711.76425640716,147000.0
2139,154328.18665283034,152194.44744459618,148000.0
2140,146169.42975604767,137352.51594133413,119000.0
2141,166111.7515337579,147062.55346834162,89500.0
2142,119527.1855344628,142475.72937199217,113000.0
2143,148790.16528909584,158313.36834356558,129900.0
2144,111451.90645013005,97259.15949886365,119900.0
2145,144095.6465035095,135407.48012124843,112000.0
2146,159697.840063781,149559.26007734265,149700.0
2147,131812.1265853818,202469.20868069062,125000.0
2148,139367.8365975744,124717.49788031387,147000.0
2149,169091.93439661013,139658.22156902784,147000.0
2150,218850.45775810443,259960.48698996822,180000.0
2151,126085.29999680351,155180.8783281177,135000.0
2152,182453.63230416318,161204.71385882597,152000.0
2153,203171.56581309345,147356.48130156213,113000.0
2154,104995.32693859283,108484.29392177562,101000.0
2155,143743.65992816398,131777.52731385257,142500.0
2156,273942.5054512089,215009.21069676493,187000.0
2157,247573.577846013,276182.86495535437,235000.0
2158,241885.81581860362,234741.74497937426,268000.0
2159,236506.97669148166,221956.49789908106,225333.33333333334
2160,207155.64217151306,176880.64890827093,222000.0
2161,268182.96208280115,260653.11986756543,250882.0
2162,361506.84947643266,233048.50276765862,386250.0
2163,374317.42717697984,249912.4696352177,395192.0
2164,266190.92226560554,236950.19262403867,305000.0
2165,190858.78369923378,166182.66406368688,180800.0
2166,148938.6622792962,145531.99857921345,130000.0
2167,211133.04948660848,199379.89837449967,205000.0
2168,190676.32804739987,215582.70790221778,231500.0
2169,203578.06754719466,193567.2119836928,189135.0
2170,221925.31319239642,218900.62395144353,230000.0
2171,160622.76709876978,148741.60469793092,128500.0
2172,127605.88162267767,142213.78718324663,162900.0
2173,178032.09435362043,164328.09967550213,130000.0
2174,228135.27470840816,225655.26054966022,225333.33333333334
2175,282364.67148655327,285347.6236006946,285000.0
2176,292761.015728015,336587.0647269918,369900.0
2177,247966.15493343654,262487.5384107352,266500.0
2178,222457.0345355617,225657.8676700841,275000.0
2179,144463.0628171414,141950.18538209188,149000.0
2180,186730.43189079827,206781.5470983876,211000.0
2181,207717.68953396147,193563.49142697282,189135.0
2182,234425.92500199657,224043.98189019173,232000.0
2183,207610.17200828157,201637.51164918332,250580.0
2184,111156.25477835699,137656.98877303384,113000.0
2185,135719.9555542632,144449.8886818836,134000.0
2186,153026.4530975786,143015.104243583,141000.0
2187,168695.52657349315,153320.1104018967,89500.0
2188,158477.81796468887,150420.75190731525,127000.0
2189,316306.426345543,179026.96397128023,140000.0
2190,57349.7252055204,81840.62647988027,82000.0
2191,52465.923768153414,92040.41601811774,80500.0
2192,78920.12901634979,77644.5108335712,52500.0
2193,122694.76681749569,112320.73285690931,152000.0
2194,87610.76372180763,99176.73969078243,91300.0
2195,98042.85571805853,114223.89915274539,94750.0
2196,87897.2602064549,105042.23202363572,75000.0
2197,125333.00238990039,121174.8719391758,108500.0
2198,164132.30861683656,163514.3403741538,145000.0
2199,183339.00687096012,154753.85529854882,129900.0
2200,118560.69375497405,128911.57625469561,148000.0
2201,130570.67440545163,126567.17619812592,116000.0
2202,226939.69490031525,196548.6626011812,134900.0
2203,104420.44593782979,158247.52923869717,89500.0
2204,144962.03582728002,186192.08795013375,152000.0
2205,92739.52625661227,116098.12920139972,115000.0
2206,132930.20346215134,139840.38298864034,89500.0
2207,199149.5954296263,289105.1941036469,144000.0
2208,215852.08475306164,192689.43021650173,381000.0
2209,197770.9145762308,219161.56800901814,153900.0
2210,117690.2825258188,129694.98724786974,131000.0
2211,120113.17324168887,113986.21740142102,105900.0
2212,122204.870781112,109364.8572865634,131000.0
2213,104243.96742440062,100540.3220211447,66500.0
2214,148929.93454467878,141414.81001787126,173500.0
2215,95232.70203362452,98633.01007738768,110500.0
2216,141319.07964842557,147570.17160614292,113000.0
2217,83690.33897767914,91526.62506180929,141000.0
2218,99620.49903846113,95517.5164678832,37900.0
2219,99450.23848902388,72312.73432807467,37900.0
2220,79642.63980618771,81444.15103842481,100000.0
2221,310968.2742594972,362878.2831366577,392500.0
2222,275418.50256661465,268549.1280074133,260000.0
2223,304963.62647453416,265356.32425995776,318000.0
2224,222289.60021503596,207070.38892289362,199466.66666666666
2225,96043.94259143504,145170.0178471451,125000.0
2226,176685.10090804962,183483.69579991806,148000.0
2227,230320.13761328743,199726.39673229837,260000.0
2228,285664.2076432917,272934.63831469516,283463.0
2229,245209.76252139197,227998.6321033937,237000.0
2230,144808.98119150335,166065.7315431465,145000.0
2231,228090.32226343732,211199.0793552824,270000.0
2232,183727.77099059895,169109.6171490601,178400.0
2233,203871.84926074045,168345.8277075522,145000.0
2234,266425.8346874686,259126.382569043,265900.0
2235,239527.18410017388,200497.98799066563,194700.0
2236,262827.88003906794,274781.16886867734,233500.0
2237,317353.0963682765,352864.46260495164,383970.0
2238,187956.23056816263,203345.39995849528,206300.0
2239,118545.69507763232,118016.20499477297,105000.0
2240,150607.3522929761,157923.85103186156,162000.0
2241,143013.73593652085,163529.56537737348,128000.0
2242,104315.99925456382,130812.95859001068,129900.0
2243,113042.39300444978,134383.8011050696,112000.0
2244,100720.96480352618,93039.78678037395,129500.0
2245,91370.81156764086,91478.92715515946,120500.0
2246,145124.72005058802,148419.8697183823,152000.0
2247,118789.65304094949,95298.16591590049,148500.0
2248,110456.20845755888,122134.3626341286,119000.0
2249,124266.88614437636,121290.14795245131,117000.0
2250,123476.99436147441,137774.12150547918,130000.0
2251,85811.18761388725,137421.79006074287,91500.0
2252,178434.89367918042,176046.46784449546,160000.0
2253,148993.87882488593,142797.09642690586,156932.0
2254,174369.54489320097,160562.93710760825,188875.0
2255,179513.22931952402,191944.2202957144,186500.0
2256,196899.10771450773,174917.99124912126,163700.0
2257,191582.63320799032,161139.43812521495,188875.0
2258,174300.505741701,176765.6013338325,162000.0
2259,169853.75174884382,160720.58150710422,165600.0
2260,130117.94564366154,157157.4610500828,89500.0
2261,189827.58422554727,203970.74789658558,187500.0
2262,200749.7701749627,211858.38729648065,187500.0
2263,346598.6496183155,305779.73790308984,372402.0
2264,434728.1136052343,412923.4991398173,438780.0
2265,128971.7782299309,168196.5920956567,125000.0
2266,265578.8375567824,347670.5953719466,277500.0
2267,321752.03999214456,376285.44783797517,324000.0
2268,381360.2468013365,415401.55981314083,402861.0
2269,158036.40881429496,159093.84697026495,165000.0
2270,212131.45017248997,179161.4915783527,216000.0
2271,225191.98709899327,269925.9597160892,175500.0
2272,261751.51545625366,192133.680475019,215000.0
2273,181866.58445669245,163411.19683866831,178400.0
2274,174469.23039406794,170776.0054555253,178400.0
2275,156614.7129932579,174068.4946807202,167900.0
2276,221691.1749570514,124870.35351384667,167900.0
2277,175899.4530254216,171329.8607892366,180000.0
2278,144102.69675513264,172165.9472784761,128500.0
2279,134715.27091417369,125860.78422359993,85000.0
2280,99730.58604752016,130706.31777559081,141000.0
2281,179660.31482952693,173003.87225754664,190000.0
2282,192211.93039315823,175621.3557526946,190000.0
2283,114927.34818310756,100291.38354469766,118000.0
2284,130431.32440333068,97684.20624269878,100000.0
2285,126498.0409079045,149167.72105041405,140000.0
2286,112662.83338427078,127140.8723504346,113000.0
2287,365772.74044480827,319523.351410972,395192.0
2288,274405.42571213935,279394.8369271693,276000.0
2289,308921.3560768338,429099.71480074007,423000.0
2290,387633.8502366822,413573.75297301885,314813.0
2291,317968.5239715646,295010.1155713022,318000.0
2292,395667.2915052343,398299.78757045144,315000.0
2293,414683.2934303852,559349.0649576647,611657.0
2294,344543.94464483904,398845.5034284282,380000.0
2295,438343.6539005996,394092.76928846183,385000.0
2296,244134.46888618823,259687.0553263556,142500.0
2297,351486.5522235094,281708.95149187633,383970.0
2298,351520.05815759604,359440.38079681405,377426.0
2299,343294.2541433193,361383.17780612165,281000.0
2300,293652.6406823299,315787.87066593644,383970.0
2301,323938.3908157232,277150.9274612615,369900.0
2302,256278.86722745,220763.3102298936,260000.0
2303,250927.65276969504,281792.4651068319,236500.0
2304,244431.65237088455,245680.40324058878,270000.0
2305,220020.19795200066,193356.47547711874,153900.0
2306,216798.2784897776,196559.44141096468,153900.0
2307,225120.34521809663,192500.54436409098,194700.0
2308,229661.05299683753,209561.40436339413,209500.0
2309,304957.6789378356,276225.78531977616,277500.0
2310,215562.99047630094,232988.96268269193,392000.0
2311,222654.13266088138,190343.09045697126,207000.0
2312,198026.36076686927,165326.45475933692,130500.0
2313,192300.3793913112,160060.41800613943,178900.0
2314,193913.84186369786,176420.63266896276,176000.0
2315,203751.1429084374,159415.8243142169,172785.0
2316,221962.97180737834,150739.09643491657,235000.0
2317,202135.8879139768,190017.98123401162,193000.0
2318,205557.40947174234,155782.97587050623,174000.0
2319,210290.13618671685,165544.9104776205,167240.0
2320,198402.6272855834,175733.44205699547,164990.0
2321,240882.6522108717,249758.13334719735,319000.0
2322,218159.79212651215,157954.25648560148,164990.0
2323,209023.87050931668,189731.1945442051,184000.0
2324,215154.01961277146,163963.47144731015,188500.0
2325,235945.34222006286,215194.38453629188,190000.0
2326,199702.95227559283,163267.0037546276,158678.33333333334
2327,220950.56097403402,213994.77210276615,214500.0
2328,241756.26372183627,217237.00199145748,214500.0
2329,181393.90979101253,179348.32750290894,186500.0
2330,179189.62660716474,205417.4114488623,165600.0
2331,315185.15309778927,378475.94618712494,315000.0
2332,337496.97553000227,421270.7153134787,380000.0
2333,299374.56764780544,320629.63222215907,319000.0
2334,252019.71172874747,265238.3892717147,281213.0
2335,268062.53269741754,207038.1611048312,302000.0
2336,284564.7829581625,348150.26140017225,290000.0
2337,204047.1830459591,200696.12419672988,250580.0
2338,263246.1159924478,269613.76583219843,255000.0
2339,244845.48702571588,236673.4694943664,275000.0
2340,393289.7534618103,337687.82185748446,402861.0
2341,219123.6260063548,230592.142325671,250580.0
2342,250451.81487444974,252223.36808105125,233500.0
2343,242929.75797730777,215639.14102258105,220000.0
2344,232912.6832384814,234044.05520667546,270000.0
2345,241320.23940654937,255500.9106018113,270000.0
2346,219749.92666875757,227698.9961827551,225000.0
2347,205454.83574480168,194837.49598973818,250580.0
2348,255125.77559579862,225137.15624149467,212000.0
2349,189661.806525446,136301.55930216142,175900.0
2350,309110.32768192654,271267.87113928987,372402.0
2351,286397.82030163845,282253.00663446006,266000.0
2352,262952.51664224546,273876.5955904149,147000.0
2353,251815.52511705318,192865.49990906555,265000.0
2354,136908.88641668437,136300.59490969588,141000.0
2355,161718.7001669216,155682.0541075446,164700.0
2356,178521.79827107769,156354.04022648165,93000.0
2357,214182.27734182542,199621.13976280697,189135.0
2358,215189.7770991288,193513.63451336822,207500.0
2359,106012.56110312324,130429.758966927,124000.0
2360,120413.84301391733,118130.25078938252,85000.0
2361,139171.10832238477,140515.01910850484,129900.0
2362,261800.47672100412,276171.35502339486,268000.0
2363,151663.57877137256,145547.81358257122,129900.0
2364,187290.69414112018,152017.84996765802,79900.0
2365,240010.20312780188,203807.40587817022,199750.0
2366,205453.54009026778,195763.9735605029,225000.0
2367,234115.01150969486,207834.74431380484,227000.0
2368,212971.32658716827,213636.09331058536,203000.0
2369,218904.405545,203114.76000147013,209500.0
2370,168155.53316198173,157995.14987207082,174450.0
2371,173715.23004679056,158716.56344439817,168500.0
2372,211456.2558871596,159305.77643983864,142000.0
2373,297756.4804910389,247092.5655213569,205000.0
2374,290019.68816662487,341244.2297319421,212000.0
2375,246701.2688959185,250357.72804729504,170000.0
2376,295323.28020964516,264163.5832871723,260000.0
2377,322485.20160734747,330127.3162471957,290000.0
2378,141233.07054920774,125792.07392052287,148000.0
2379,205207.97333437158,175023.3106607362,180000.0
2380,160537.09436905454,146575.74351136928,89500.0
2381,167346.53286276944,159880.68350140992,89500.0
2382,227631.2363725074,184553.1073397348,82500.0
2383,203104.7159223319,208281.49302622757,186000.0
2384,254462.24987310218,240927.7542795407,251500.0
2385,173525.28627042798,150890.62068166654,157500.0
2386,132791.38444608566,147738.0125820829,85400.0
2387,136780.05843610945,131513.1979601602,112000.0
2388,119171.49697070871,93696.56425949128,92900.0
2389,123098.04070626386,118234.00773499353,147000.0
2390,148991.88219189364,135854.147576915,125000.0
2391,136504.57719403785,135608.7741158015,130000.0
2392,101037.93448762666,111961.40515991133,113000.0
2393,171336.5777664464,170824.49277178524,82500.0
2394,128606.81399522047,151802.69343504083,160000.0
2395,196892.63956495211,185252.67737911866,178000.0
2396,142897.9427808586,150155.17986020018,89500.0
2397,224602.18214420183,191893.61608132918,89500.0
2398,115171.45786710596,120921.72626261452,110000.0
2399,80224.86132057267,43513.30502158915,55000.0
2400,75254.20451937849,48101.04016912544,52500.0
2401,118875.57144354889,116067.34164417241,85000.0
2402,137159.91246782197,136190.60403450934,113000.0
2403,135153.31183274603,126687.69597070532,162900.0
2404,152370.0624533994,138718.85482998934,130000.0
2405,165752.5238883912,166928.50676493594,89500.0
2406,143027.23073109845,140750.5993820897,105900.0
2407,134063.70454433886,124082.38348203259,113000.0
2408,163655.98626196058,146204.2675967068,153500.0
2409,105922.04742318857,134410.6593467985,113000.0
2410,179631.53952138778,161203.20040950377,89500.0
2411,100502.37331844727,114751.57639760058,113000.0
2412,150901.77460329374,158554.4604131082,152000.0
2413,111558.8816059439,138075.96276030026,113000.0
2414,159794.6331715472,136230.19398390932,152000.0
2415,130332.5915268152,114677.03326130444,162900.0
2416,128824.15881973295,132817.67537109336,105900.0
2417,134002.46931905416,132486.64022406895,127500.0
2418,135260.26900419546,125785.00347879309,85000.0
2419,131906.51586192334,117262.23731010419,135000.0
2420,107669.63039796054,126353.98052241105,113000.0
2421,82765.6276076897,153935.00104809593,148000.0
2422,100584.26001662714,122285.59659677703,152000.0
2423,130109.08988008415,134103.0102159548,52000.0
2424,150066.55623440933,160566.03319414947,152000.0
2425,181762.43191642477,150117.79362345475,153500.0
2426,116827.7597216831,116100.38247510543,110000.0
2427,120967.02289146348,127893.60174947062,119500.0
2428,181849.33882984007,188712.78048471583,82500.0
2429,90472.15185678075,118100.18205696697,115000.0
2430,119644.68121288298,128235.75772688256,89500.0
2431,80642.13040021388,110061.18968949256,107500.0
2432,142366.1946295295,127206.63521471886,112000.0
2433,134488.72434862424,142830.7036195771,112500.0
2434,123811.24670995027,146437.7628576474,112500.0
2435,135563.03663285123,150245.1516241594,112500.0
2436,116422.59102410427,103475.29652530007,92000.0
2437,100477.20500142523,116838.88470050438,113000.0
2438,117273.83853034,123443.71835951784,113000.0
2439,111240.00497766724,109796.47228344067,109500.0
2440,125443.3615795523,122259.34135955015,131000.0
2441,145255.90057182638,110755.41720016267,87000.0
2442,96194.32656883029,101594.04889062943,105000.0
2443,145466.1956605534,115974.27699100369,153500.0
2444,123302.74343877682,137759.28931943985,147000.0
2445,111498.36595574161,88901.69037549474,107000.0
2446,139511.24432850024,120027.76538500954,108000.0
2447,218963.45739287836,286133.42784462526,142500.0
2448,142808.04758517514,148952.63112842603,127000.0
2449,130525.25935921166,115219.06036232912,110000.0
2450,147979.03652042523,159263.1016694523,185000.0
2451,114243.6069070932,128185.55514388418,119000.0
2452,189021.66028109635,199092.95652545258,136500.0
2453,89404.02724306891,103361.83602587695,109900.0
2454,102386.78290053015,126074.90407783973,134432.0
2455,122967.86981112766,113932.187517219,85000.0
2456,140386.4829733153,161114.67061562077,113000.0
2457,130211.31865073089,117922.17944205375,117000.0
2458,119767.83052044827,111920.00719398113,127000.0
2459,111802.8171597328,109830.76384692248,109500.0
2460,144927.92664063978,132925.83487696035,148000.0
2461,119606.35188972577,111497.1150678502,66500.0
2462,132557.7898207293,140689.84334811103,127000.0
2463,147116.86992849247,120507.08736747794,147000.0
2464,167580.86423816998,165136.03781279086,199466.66666666666
2465,141416.2452880647,128895.23334642783,116000.0
2466,113478.73651246098,123853.80889392516,162900.0
2467,170788.2941293202,177971.36276818352,132000.0
2468,98681.78387774061,92063.27702535955,66500.0
2469,81901.47953977808,97168.50462232523,78000.0
2470,185382.0584104068,155953.57460050177,139950.0
2471,217995.44343178952,200000.22665447847,144000.0
2472,149288.79411633732,159563.6756499794,141000.0
2473,103587.23578007799,112158.96757807983,94750.0
2474,71716.03496191301,100683.85983751307,105000.0
2475,209438.61184393265,169683.0589187216,144000.0
2476,105567.28991782409,105536.60378209963,119000.0
2477,113201.9726834069,129739.34480867909,152000.0
2478,142064.70557027194,164140.93003902762,153500.0
2479,101266.04412703961,107328.57399353062,107000.0
2480,158186.1240947398,136750.81555737858,148000.0
2481,131695.6451293626,112903.09343766689,152000.0
2482,134137.43497083592,136833.25866924343,130000.0
2483,93130.50242988765,113252.07441443003,113000.0
2484,130475.376792341,115384.2191716029,130000.0
2485,140029.47655148385,118917.23663479462,113000.0
2486,132744.70372828282,149920.96458414887,152000.0
2487,187064.47359588696,171624.9700067582,110000.0
2488,183124.92065046774,179073.53439434132,135000.0
2489,160461.6277669305,139323.74057042587,131000.0
2490,144416.46922788955,149513.71750977222,152000.0
2491,118454.21837495593,95831.76519385203,155900.0
2492,195718.79032431683,167576.86491478398,162900.0
2493,159472.56610364234,138272.06617350993,147000.0
2494,140585.26127198897,174209.39949031052,110000.0
2495,67829.79816884268,104853.4456556862,90000.0
2496,231911.62573000067,208644.7773694982,129900.0
2497,160248.46864220267,154326.06361482703,141000.0
2498,89533.42119942908,110745.8026057337,113000.0
2499,81852.51188560063,106505.9342450926,84000.0
2500,111564.83638959937,126421.35228300987,155900.0
2501,142047.1619134061,132715.44449079936,113000.0
2502,150518.02588743344,152776.08772780345,152000.0
2503,118012.79770219885,100051.32927654903,100000.0
2504,134431.72340370202,158845.87122449008,140000.0
2505,226949.56314538,216683.4021198131,236000.0
2506,279830.72718085325,257284.6066515462,250882.0
2507,289421.40953083895,237824.97507045485,395000.0
2508,279760.3291928114,252849.76484610426,250882.0
2509,235892.46860496374,250389.8176347693,232000.0
2510,231558.63383747637,238671.40218486896,275000.0
2511,195434.41295961197,190295.8456586115,189135.0
2512,213756.51104090782,203883.75314666115,192211.11111111112
2513,248821.83547921758,211707.56503088705,191500.0
2514,293827.99409813876,277496.4933949943,212000.0
2515,140355.7691065576,149732.19935847571,110000.0
2516,183756.46365558682,153450.66329405387,165600.0
2517,128720.44043269707,138370.48252906234,112000.0
2518,146007.84819736215,136898.31648920727,152000.0
2519,233646.65904145502,208664.97115019604,192211.11111111112
2520,223459.28944863682,198817.7306922918,191500.0
2521,204045.07116595586,189438.4315165792,192211.11111111112
2522,231549.9672818114,214317.744403821,231500.0
2523,102770.51386154606,136965.46022785126,130000.0
2524,143384.98485660506,143853.76591542808,110000.0
2525,141306.60517648328,144571.43506280315,129900.0
2526,144181.13138445327,142517.1688524117,110000.0
2527,124121.2707743193,109683.49526859066,152000.0
2528,116053.01130383764,138661.50519325418,130000.0
2529,165488.0973113561,130248.30521086903,147000.0
2530,132181.14548957325,115812.89207615666,82500.0
2531,250673.9758572802,200863.68586636908,214000.0
2532,232186.6197829009,217697.06420335762,251500.0
2533,218557.09915815364,188995.03149130757,192211.11111111112
2534,257105.76078704256,254149.16392415826,286000.0
2535,275316.24667812977,283610.37320443155,287000.0
2536,232207.9822009441,207085.0252548874,311500.0
2537,243120.6228520295,240413.6357618855,274000.0
2538,200694.103131589,187225.55132952033,227680.0
2539,214568.07183097908,193374.1110282403,189135.0
2540,200222.4696630952,176770.75711150584,144500.0
2541,205295.60220143292,181491.5771247098,189135.0
2542,179265.60971500375,159070.0055122431,174000.0
2543,105648.37657355005,132592.48038944058,113000.0
2544,108746.44793793187,138135.80930204823,109900.0
2545,139158.3971738997,127226.35395580562,162900.0
2546,123026.40913976496,147095.70755500562,89500.0
2547,165568.02615826624,140523.77458044127,148000.0
2548,159735.99297944712,159235.8060989478,125000.0
2549,150341.88353985175,153358.8961646291,145000.0
2550,622952.5818943072,618802.2464260936,755000.0
2551,155272.71420614584,148203.22395535457,148000.0
2552,149227.57993269712,121443.26916367718,85000.0
2553,80882.6509231755,87499.21355632432,82000.0
2554,74244.8232405365,106612.04407576568,78000.0
2555,111378.13677460817,119908.72359459632,105900.0
2556,91600.75102682924,113230.15590981943,100000.0
2557,86428.1244442598,116679.04833294984,102000.0
2558,134691.13504053513,146483.35543189803,107500.0
2559,119514.22575491155,148166.34873963377,113000.0
2560,141800.61403333815,121358.77999015877,128000.0
2561,139630.3413745789,138522.61941455258,135000.0
2562,130117.98063034704,126243.26433906423,116000.0
2563,127629.23767037457,137315.9255747334,116000.0
2564,200480.66920193052,163088.55251062202,169000.0
2565,111340.32396996161,120769.62163025713,124900.0
2566,125181.67720536632,161112.5789716208,109008.0
2567,97781.06083180895,129486.686565797,130000.0
2568,183253.0921187452,225969.5065487524,89500.0
2569,208877.29506972455,206153.37179570648,176750.0
2570,115060.56598403491,129830.99984799161,131000.0
2571,173651.83060509525,176349.81381389927,135000.0
2572,146953.51161500346,176503.95499506276,135000.0
2573,201682.41264530132,256796.91415271608,129900.0
2574,254092.03530564252,327138.8059829787,189000.0
2575,158288.93519555312,121523.981231543,127500.0
2576,123688.27800268633,142650.65983004923,52000.0
2577,169768.47422487382,160974.90872823593,147000.0
2578,95116.2438726977,94494.74369670842,78000.0
2579,10222.769597512437,80694.56772761844,100000.0
2580,96752.83413761528,140721.0370473237,154900.0
2581,110370.30144616449,118487.99067953821,110000.0
2582,158175.20271676453,117489.60131415258,109500.0
2583,273449.65365054435,263269.01105695707,275000.0
2584,200300.03094723728,159661.55399155873,180800.0
2585,209271.6303759236,162952.62974884556,230000.0
2586,236694.57131076464,203981.6016068762,199900.0
2587,194023.34624725347,215616.30160492097,205000.0
2588,145626.41367192054,151789.33658233605,135000.0
2589,156171.91279342724,147464.04412302826,89500.0
2590,229455.01727148844,226251.84673041315,260000.0
2591,260408.04772873502,178316.66777698713,169000.0
2592,226553.62615297316,231148.7829000519,216837.0
2593,248967.23322205665,247059.18118011067,277500.0
2594,209048.90052913548,181697.5967094215,180000.0
2595,227854.22253551707,205046.64733088703,215000.0
2596,323733.7060728937,353210.07497474476,440000.0
2597,195974.568788704,171228.96308756366,201000.0
2598,289541.20119043253,264103.0622010562,301000.0
2599,347904.23896577465,359993.0411659096,438780.0
2600,74657.09483429324,169443.74471990688,134432.0
2601,136889.46012245025,126829.23515744857,94500.0
2602,61660.53310100571,92733.35967457428,100000.0
2603,78175.70838026656,89619.33655863556,129500.0
2604,66441.99542189646,85075.99455154501,120000.0
2605,62744.803737513255,79708.3294050133,75000.0
2606,167866.1762988763,146404.76186505368,147000.0
2607,234554.18000623444,176531.6243532551,208900.0
2608,209374.736564409,200212.07903205516,147000.0
2609,176758.24634913728,186987.5315660919,130000.0
2610,109405.56069047283,111224.49270085973,127000.0
2611,116894.82294280175,173568.48220718332,148000.0
2612,159010.48307958338,154925.51718585024,129900.0
2613,134350.87411632226,126111.08653968081,152000.0
2614,107390.78915274283,123969.17329144354,112000.0
2615,172095.15996896662,152652.98589739148,157500.0
2616,163116.26551820477,135648.35978176753,89500.0
2617,188184.76705186628,174398.86440353555,110000.0
2618,230249.99564413913,198951.47721910026,89500.0
2619,199144.03678603657,236998.47193060323,191400.0
2620,178773.73053864925,180021.4699907091,190000.0
2621,168313.88723530713,160448.21102524054,168000.0
2622,183316.06313422578,164023.47812177017,241500.0
2623,239868.3036708082,212547.2036599328,275000.0
2624,308728.6511287838,232449.9812045557,235000.0
2625,272706.338613488,306205.63870387804,318061.0
2626,177197.6806655391,162500.1514337814,162000.0
2627,156338.5803515527,175667.24371800973,127500.0
2628,391959.37987129344,353725.5393250526,438780.0
2629,431069.0213231426,517485.00180897675,438780.0
2630,323787.09977086657,345143.0203274905,438780.0
2631,430366.33658968005,491685.8805882649,556581.0
2632,367021.12165752053,351891.78215970634,438780.0
2633,269565.580896514,348757.77135257225,275000.0
2634,382832.40166289336,371737.643989109,377426.0
2635,161983.12379685603,151433.00366086946,118000.0
2636,176435.25129774678,166397.73807144063,191400.0
2637,214978.69552638056,134690.58968747943,184900.0
2638,271139.24152437784,249274.6437970503,225000.0
2639,188389.11516929418,160813.49817723723,240000.0
2640,156919.54164825054,151091.79682355042,160000.0
2641,96151.65505724144,96981.09831246469,109900.0
2642,197406.98914126377,175659.9515458053,190000.0
2643,105581.03628512914,103810.57980825168,100000.0
2644,112554.2068967137,124935.93125376133,147000.0
2645,108348.09504329297,101758.13956452988,100000.0
2646,97155.35471587279,98150.9005952432,100000.0
2647,114590.38145182631,103983.71613163811,113000.0
2648,139076.39542513248,139320.90224633343,127500.0
2649,153366.87052091095,131381.4133500808,112000.0
2650,126713.09306913638,147684.0238752914,140000.0
2651,130170.50885088113,139278.5778936173,146000.0
2652,362357.9730191566,487792.88399285875,556581.0
2653,255147.02354241558,262081.47626794397,147000.0
2654,248981.24128123606,246935.10927544278,318000.0
2655,379115.472418325,361716.4872964693,377426.0
2656,325782.2298522424,333660.6524071205,438780.0
2657,348470.9585883673,440589.9008087246,277500.0
2658,296103.2886038658,299011.4919250208,303477.0
2659,299055.2889828251,290928.5296917716,269500.0
2660,344529.82965021254,325890.7892770517,283463.0
2661,331562.15226550726,322556.7435147214,314813.0
2662,359975.6269783792,338444.4508289005,285000.0
2663,281073.92038192926,268928.202591131,319000.0
2664,297275.7291300893,282207.76985481515,277500.0
2665,312668.3346701334,305345.1987365669,437154.0
2666,291644.25229597953,270521.5294882446,307000.0
2667,203138.1542572626,160063.0618916396,178900.0
2668,206795.32841095584,174827.34315678707,180000.0
2669,201873.7138117624,180455.72752958693,165000.0
2670,286891.80112505076,272696.75545198785,248000.0
2671,212390.79326996556,179573.1255932597,180000.0
2672,213825.7752918098,178225.92008170983,181000.0
2673,203013.26585355634,192702.73072567905,260000.0
2674,208497.23329415685,211224.90096219204,260000.0
2675,184667.2377250744,171574.29947101732,167240.0
2676,227539.8849625704,186135.7090295288,163700.0
2677,196350.54695755243,198691.3001967205,241500.0
2678,266175.1854254743,261764.62862169498,248000.0
2679,278592.659167144,268002.98791590286,440000.0
2680,270619.6548230925,258091.20502147163,319000.0
2681,370865.56678489177,462569.0306321631,380000.0
2682,316086.9398292545,300908.7333494194,281213.0
2683,430434.52438909304,466608.1178419044,555000.0
2684,307683.3940420542,294971.6768610111,402000.0
2685,319462.6304921247,318022.4283863116,402000.0
2686,261765.45002002432,238870.3451148912,202900.0
2687,288286.26012409106,307694.99742165033,383970.0
2688,232192.17261349224,247738.1726120714,392000.0
2689,216553.8892070949,227346.86155068583,225000.0
2690,366129.5647916666,517251.8751057639,446261.0
2691,201982.99645506265,182973.85649291723,175900.0
2692,146980.63431396685,144793.87752839003,89500.0
2693,218940.61380195268,196444.46181579775,195025.8
2694,156140.62591519114,143862.8320101017,141000.0
2695,221401.20579965692,186853.6453192253,192211.11111111112
2696,205906.16554654995,186207.61028636343,163700.0
2697,178609.8710787422,164083.18419173377,250000.0
2698,232595.84949490102,196108.55773731854,183200.0
2699,183457.15863351035,168216.26916036257,153900.0
2700,164071.54367896472,163664.50891158148,155900.0
2701,172241.105534415,144556.31678193164,156932.0
2702,114256.6082361089,114571.3053526353,153500.0
2703,139741.85432476597,127917.97460795261,140000.0
2704,128169.86714245891,135774.13501974283,130000.0
2705,94928.3521282766,120516.18954903865,113000.0
2706,99093.53223856469,118740.87663115504,113000.0
2707,129456.88839898282,125986.47551409378,153900.0
2708,111839.92406522203,143681.83530664133,152000.0
2709,110524.30920296675,113403.1933498096,115000.0
2710,114205.95688607963,122537.66842848981,113000.0
2711,191000.55363467615,283758.56388043746,335000.0
2712,338114.22796766995,304356.19382045924,383970.0
2713,185933.13623377797,183129.40634052677,175500.0
2714,175079.86374460068,147471.40966102568,147400.0
2715,171537.11639471445,170329.67656919555,168500.0
2716,151534.1638969737,173248.77876372178,189135.0
2717,198071.4512641104,189723.9470388312,227875.0
2718,231057.20988432458,231590.81578870155,266000.0
2719,154157.46542696864,151284.42017729048,129900.0
2720,198103.78834309056,152977.9473940202,82500.0
2721,129529.6798742637,144169.11404194313,129900.0
2722,169146.47002759855,167215.26727043602,125000.0
2723,169968.941483418,142378.91598249943,89500.0
2724,122207.8700072281,129081.09511239623,113000.0
2725,123344.83110633516,140085.3810842041,113000.0
2726,130580.6252924162,160211.43966704304,113000.0
2727,160200.0298029161,187292.88536528766,190000.0
2728,192849.76571271755,157006.33183824603,89500.0
2729,140415.5843032524,160849.0296403977,125000.0
2730,131640.95844809152,147999.52461278337,113000.0
2731,132299.30254078237,115163.74915602824,110000.0
2732,122509.38049670309,114301.08676853619,112500.0
2733,147369.11036750325,156694.5211237418,125000.0
2734,139649.64328163676,140564.6821863828,107500.0
2735,135089.12799918605,136890.8831461026,113000.0
2736,111862.42649447778,144659.78093027565,119000.0
2737,105120.4708101144,122697.68923889808,119000.0
2738,122712.28841212532,133164.23510355642,162900.0
2739,154908.5637065689,156540.39374924582,89500.0
2740,130603.12719268585,147396.98574418388,89500.0
2741,145352.60100834304,153358.06305962682,112500.0
2742,171641.1148745264,151021.40767841376,89500.0
2743,144010.39975597477,149360.73824640716,113000.0
2744,162079.71933103213,150644.22000534984,148000.0
2745,145563.15743683837,132466.177429415,89500.0
2746,116768.59701009933,130921.31931754452,152000.0
2747,180288.45408359403,140830.50715977052,89500.0
2748,110097.43695834605,132578.91498862175,130000.0
2749,126450.90540037141,116860.7162766652,113000.0
2750,107653.56738504325,131803.74012081194,152000.0
2751,122471.31839158153,124236.68952464721,152000.0
2752,204134.78916577436,254830.16144705174,538000.0
2753,121317.49427349656,154521.88137623915,110000.0
2754,194343.90237226128,186271.19911144188,162900.0
2755,137015.64112201217,122537.40605169324,141000.0
2756,96028.36958659207,98731.98983014942,100000.0
2757,69141.34242749563,53998.20974412754,60000.0
2758,109422.96972515993,99540.4067920229,100000.0
2759,155358.8311353617,149168.6032453174,160000.0
2760,120897.87943771807,130668.41267719524,108000.0
2761,144361.6742999656,160229.49322453668,89500.0
2762,122767.4306291691,156447.37827534438,89500.0
2763,179011.14461686928,164126.43979815548,129900.0
2764,186361.96262801462,171109.630066326,162900.0
2765,270300.0849452638,198498.76526617497,129900.0
2766,138263.78817017935,151106.58932427352,107000.0
2767,72327.50495704776,101287.9793615303,80500.0
2768,93692.52025948535,131072.23062504834,115000.0
2769,120523.28471406177,106091.42068944327,112500.0
2770,153802.77184162242,136568.9207739703,132000.0
2771,100850.06660101749,124651.75589295698,113000.0
2772,101686.34735458973,135271.6320179286,93000.0
2773,186822.48438852793,124330.38279574583,107400.0
2774,149447.62594995624,138258.08394782187,115000.0
2775,149562.59702599235,148862.6952199995,84000.0
2776,157460.4432598874,145536.6451036,117000.0
2777,172842.44562115567,157567.41946009104,139400.0
2778,139853.42464233888,141292.73388116705,135000.0
2779,144084.4191253027,114942.1510511546,100000.0
2780,86217.66114280839,104209.69555741889,125000.0
2781,93617.62191394484,95368.20901531763,78000.0
2782,87810.69079480041,95806.72903082633,110950.0
2783,92256.98258616589,109227.27610482137,102776.0
2784,123772.77461119834,130815.40884505706,130000.0
2785,153832.5540404115,134957.24559046282,153500.0
2786,68554.17275033263,104053.28870787236,100000.0
2787,136689.648150885,115424.47994439166,141000.0
2788,84780.3967685264,81438.50608674476,109900.0
2789,178940.3771690824,170037.61961951677,250000.0
2790,102949.38356207614,94088.75186324994,78000.0
2791,104614.69899900281,116723.10091255783,153500.0
2792,88505.26253629522,93580.79306927643,52000.0
2793,164829.40950205317,201795.18883232932,89500.0
2794,88895.79274232453,105628.4878904965,109500.0
2795,133633.0036454387,113706.70334881212,117000.0
2796,95609.95019723661,97665.41406310207,152000.0
2797,214716.08713024296,165312.62463754308,136500.0
2798,137764.30664662062,113878.18014987338,100000.0
2799,133620.30161209218,119364.31676859717,107400.0
2800,62540.64399611717,81657.91474016149,78000.0
2801,110144.24960666336,106132.02420981623,127500.0
2802,131757.71188376192,146071.15424232013,152000.0
2803,149699.60388290416,155743.86167067903,139000.0
2804,123105.21033046511,126076.88317180301,124900.0
2805,113868.21804106003,94720.68040442465,92000.0
2806,73806.52949648444,90967.14239784687,78000.0
2807,164767.7465641636,134235.59221087478,152000.0
2808,161733.79495239863,151386.33384143104,128500.0
2809,120549.95421725838,142594.98954013304,89500.0
2810,112560.18272485211,136312.9400313441,113000.0
2811,175103.11509130057,157501.43542997065,128500.0
2812,169316.55336731952,145062.57726569945,118000.0
2813,156799.52290213224,173546.58880171232,162900.0
2814,140415.42377725802,163558.72922777603,162900.0
2815,135616.57577502192,108587.03366802029,152000.0
2816,234958.76500577573,251164.9182858733,144000.0
2817,153390.75661928393,132358.0496303309,128500.0
2818,136756.15756445448,136448.11645571352,130000.0
2819,203218.99081520503,176413.56973979436,191500.0
2820,129392.08141791541,110616.6390489172,148000.0
2821,107371.01112776296,106192.75662136533,66500.0
2822,186303.0984039132,198450.17057826932,129900.0
2823,292902.037995104,225057.92523049025,381000.0
2824,174024.93036307138,174953.23835210304,134000.0
2825,168582.98272183724,145502.02876014708,125000.0
2826,148988.0257715364,136971.96101979105,112000.0
2827,129982.12191549805,151949.115201886,141000.0
2828,236807.88544433797,186399.48488214373,277000.0
2829,252428.5792534917,163416.4826013299,235000.0
2830,221254.8449465409,221734.61414963627,252000.0
2831,200843.7618933092,192487.15532205606,204332.5
2832,246353.61565298727,208258.35206028097,187000.0
2833,299800.69508632366,270428.35776840465,283463.0
2834,227024.91875614552,213469.15342939252,192211.11111111112
2835,234642.1133154356,212784.59357193374,201000.0
2836,218518.43527028128,192824.20963635997,189135.0
2837,140907.88348351186,156828.08894253903,180800.0
2838,123339.30145844561,141200.52163458624,153500.0
2839,190027.58767738286,171611.7022246688,173000.0
2840,185909.62383124093,192429.91651774407,245000.0
2841,216001.80140199396,191793.59279129648,192211.11111111112
2842,237878.27127791476,204976.23402844186,191500.0
2843,155562.282138546,145385.36508942387,79900.0
2844,188765.92522452958,151621.04815005316,167900.0
2845,105982.93984821113,121707.19011854977,119000.0
2846,222319.50131074432,201160.6061171322,192211.11111111112
2847,193397.9592176997,196842.30776589236,211000.0
2848,226781.19536331296,216464.90759358613,184100.0
2849,211774.5644712164,229822.9153578052,222250.0
2850,289409.13437306276,271514.61596565024,319000.0
2851,231809.66248995648,254488.42322640374,225333.33333333334
2852,237492.804689663,203766.59478335932,241500.0
2853,233195.79984693066,238381.61609531243,236000.0
2854,166836.99364917912,141455.6538707098,131500.0
2855,219907.7307263855,195142.321419238,210000.0
2856,206239.70230677119,200945.7250967228,192211.11111111112
2857,208374.02627778403,191695.77968324776,204332.5
2858,223361.8074513441,203401.49680341152,203000.0
2859,82941.8565544046,143099.23252801094,68400.0
2860,134677.4399477197,126534.17268531321,127500.0
2861,112723.18371814466,119050.5234105214,152000.0
2862,237820.39188451506,198420.2386967209,222250.0
2863,147920.53590955492,122480.51434591602,110000.0
2864,261068.45636977395,258087.55589868006,225000.0
2865,135491.82163485372,141347.01426526898,148000.0
2866,163439.90851085214,129997.91657944891,130000.0
2867,90580.69438090315,78878.71577246823,100000.0
2868,98378.76241527009,106868.21779447465,185000.0
2869,92648.11843097326,126028.94798029956,118000.0
2870,101292.93433514773,173055.0446392735,148000.0
2871,81492.1360695702,98482.19502988615,107000.0
2872,28428.740230976604,55199.30241808851,60000.0
2873,98145.07467183494,117882.70671309551,107000.0
2874,174708.75633611763,146517.96546388709,115000.0
2875,108382.37678067852,115905.61494603835,137500.0
2876,200010.77060088702,142318.69969949595,135000.0
2877,128841.24644651706,145117.7919010102,116000.0
2878,153628.83063908294,163161.52021674495,144000.0
2879,111876.06846816395,159527.48247727816,115000.0
2880,105362.917101369,109884.7218379306,115000.0
2881,110457.83789826883,157957.90990465222,141000.0
2882,155958.83740616078,187790.94274276673,152000.0
2883,189788.4832849102,143769.39311924568,134900.0
2884,195133.54094162537,188313.50281455042,144000.0
2885,167984.28144127643,190044.26068819204,89500.0
2886,218139.88853496965,222170.62448978724,152000.0
2887,106077.26798509178,101427.43171980348,87000.0
2888,160375.05182010308,122170.72431458655,116000.0
2889,29185.648211837048,43972.964870378164,52500.0
2890,92715.80023388378,98223.60623328036,100000.0
2891,148645.81870324118,132058.43469615662,139000.0
2892,25402.00940716639,45217.940048096396,34900.0
2893,86070.98230081191,110727.36044943568,52000.0
2894,48258.15206624335,71617.24503385923,82000.0
2895,313662.6140173157,338164.4604321232,277500.0
2896,271725.630651789,274929.26634977286,275000.0
2897,231895.4447011163,193318.5975828052,280000.0
2898,146629.08133921959,128951.01454786696,185000.0
2899,234206.2808977249,223900.4840306258,178000.0
2900,143199.2089610435,161143.4950404392,157500.0
2901,225473.7218772967,179725.2890390252,89500.0
2902,223361.7086291057,172736.99728211373,208300.0
2903,320494.8937854511,405391.7040786602,383970.0
2904,366215.5188165414,334330.61766149645,438780.0
2905,62389.643121048575,138396.01523607405,134432.0
2906,205711.61466074712,198180.29086390583,206300.0
2907,96717.85245171655,115519.0461798502,112000.0
2908,117718.80457511428,125416.0252768801,112000.0
2909,143859.9582483736,138919.42931010207,162900.0
2910,71140.82396304212,80369.50254215208,80000.0
2911,57798.6331238281,89401.09947299339,100000.0
2912,157703.85372301145,166290.01942945176,152000.0
2913,51531.559108801186,83751.39701175469,100000.0
2914,59025.55256969342,83943.92577743749,100000.0
2915,67821.66859105835,81702.37957020539,100000.0
2916,53263.47329830588,87187.26814255143,87174.2
2917,135924.41059502168,145047.78096072446,128500.0
2918,127019.40770209068,128985.97471044702,119000.0
2919,235776.4508547634,200891.30566336785,241500.0
